{
    "camera_matrix": [
        [
            4104.081850980111,
            0.0,
            2168.7329288095993
        ],
        [
            0.0,
            4097.461359253996,
            2751.6799772415998
        ],
        [
            0.0,
            0.0,
            1.0
        ]
    ],
    "dist_coeffs": [
        [
            0.21410537326341866,
            -0.46008193766852823,
            -0.010774884864297386,
            0.004699128518167812,
            0.0
        ]
    ],
    "reprojection_error": 2.083970647733151,
    "image_size": [
        4284,
        5712
    ]
}