{
    "train_loss": [
        0.6577816513868479,
        0.2849483788013458,
        0.22482100129127502,
        0.21165627814256227,
        0.20183220620338732,
        0.19715072042666948,
        0.18457258492708206,
        0.17750008289630598,
        0.16425098077608988,
        0.1552942578609173,
        0.15614677163270804,
        0.15221397693340594,
        0.14814077174434295,
        0.1451083547793902,
        0.14148995366234046
    ],
    "val_loss": [
        0.3183511873850456,
        0.26290525037508744,
        0.21487656293007043,
        0.19077849502746874,
        0.19453242134589416,
        0.17924019465079674,
        0.1807903784971971,
        0.16894594178749964,
        0.16651781992270395,
        0.16496785071033698,
        0.1492512529859176,
        0.14554503216193274,
        0.14848019325962433,
        0.14240949715559298,
        0.14203044915428528
    ],
    "lr": [
        9.890738003669029e-05,
        9.567727288213005e-05,
        9.045084971874738e-05,
        8.345653031794292e-05,
        7.500000000000001e-05,
        6.545084971874738e-05,
        5.522642316338269e-05,
        4.4773576836617344e-05,
        3.454915028125264e-05,
        2.5000000000000018e-05,
        1.654346968205711e-05,
        9.549150281252635e-06,
        4.322727117869952e-06,
        1.092619963309716e-06,
        0.0
    ]
}